win_loss_record,ppg,oppg,offensive_rating,defensive_rating,games_missed,playoff_qualification
48,103.1,120.4,103.6,106.9,12,Qualified
61,114.3,115.8,103.1,108.6,30,Qualified
38,107.3,107.9,116.5,115.6,20,Not Qualified
24,95.8,115.2,100.8,109.7,31,Not Qualified
52,99.7,103.3,108.4,115.9,33,Qualified
17,116.5,104.2,103.4,111.5,7,Not Qualified
30,114.8,118.7,117.6,106.8,40,Qualified
48,95.8,108.4,111.1,116.2,47,Qualified
28,101.7,119.0,104.6,104.8,1,Not Qualified
32,101.9,119.7,110.0,104.5,37,Not Qualified
20,115.2,120.7,114.6,110.1,31,Not Qualified
20,95.6,122.5,119.2,105.2,39,Qualified
33,98.1,107.9,104.4,100.2,27,Not Qualified
62,119.0,104.6,117.7,113.0,36,Qualified
45,100.4,112.5,118.7,110.2,40,Qualified
49,114.6,106.1,118.3,108.9,0,Qualified
33,102.1,113.0,112.7,119.3,40,Not Qualified
12,98.0,116.2,112.6,111.4,9,Not Qualified
31,102.3,115.7,108.1,117.3,3,Not Qualified
62,116.7,106.2,115.0,102.8,34,Qualified
11,120.7,100.0,110.6,111.4,9,Not Qualified
33,119.9,107.9,113.5,117.4,46,Not Qualified
53,106.9,99.3,108.6,111.7,10,Qualified
39,115.0,121.7,114.6,114.4,13,Not Qualified
47,101.1,105.4,116.5,107.4,37,Qualified
11,103.8,99.6,102.9,101.8,11,Not Qualified
30,121.9,95.8,116.7,109.2,44,Qualified
42,95.4,114.4,110.8,107.9,16,Not Qualified
21,97.6,114.1,116.9,117.3,15,Not Qualified
31,101.2,105.2,108.6,104.9,34,Not Qualified
53,95.8,97.2,107.6,119.3,1,Qualified
34,100.4,107.3,118.3,119.2,10,Not Qualified
58,112.5,104.3,105.0,105.0,40,Qualified
36,107.6,115.3,116.9,107.0,2,Qualified
51,121.8,113.2,109.7,117.9,28,Qualified
37,119.5,105.9,110.3,119.3,17,Not Qualified
25,105.3,101.5,106.2,108.9,19,Not Qualified
24,102.8,124.6,111.5,106.4,46,Not Qualified
56,106.4,108.6,106.5,110.5,13,Qualified
60,112.7,115.6,100.8,113.8,33,Qualified
53,103.0,99.2,105.4,105.5,48,Qualified
64,113.7,109.6,100.1,114.7,30,Qualified
61,107.3,95.8,119.6,101.0,39,Qualified
12,111.6,110.2,119.3,101.0,41,Qualified
46,108.1,123.9,107.9,107.7,17,Qualified
60,103.8,106.5,114.6,107.1,29,Qualified
16,123.5,96.2,106.9,106.3,24,Not Qualified
30,117.9,95.9,113.4,109.8,18,Qualified
18,99.2,106.6,116.1,106.4,7,Qualified
48,121.1,99.8,118.9,103.8,27,Qualified
27,109.6,95.7,108.0,106.2,7,Not Qualified
13,121.8,117.7,115.7,119.5,30,Not Qualified
34,119.0,108.8,105.3,108.2,2,Not Qualified
23,107.8,103.7,119.8,108.9,2,Qualified
59,95.7,122.0,100.5,111.5,43,Qualified
18,103.1,98.5,112.1,119.7,21,Not Qualified
35,111.2,123.7,113.2,104.8,16,Qualified
62,114.0,104.4,113.8,113.6,35,Qualified
11,102.7,121.7,102.4,114.3,16,Not Qualified
29,99.2,113.1,118.8,112.1,13,Not Qualified
37,120.0,119.8,103.6,101.8,50,Not Qualified
56,124.5,124.5,112.5,113.5,8,Qualified
16,110.8,103.7,104.5,101.3,29,Not Qualified
53,100.2,123.8,106.1,111.9,20,Qualified
17,103.2,106.7,110.9,114.8,11,Not Qualified
56,95.6,106.6,108.3,104.2,36,Qualified
44,122.4,105.2,103.2,116.8,31,Not Qualified
23,98.5,111.2,103.4,100.6,10,Not Qualified
26,112.3,99.6,108.4,116.9,19,Not Qualified
45,103.2,111.6,115.1,109.2,34,Qualified
59,111.6,111.3,118.0,104.4,46,Qualified
49,114.5,117.9,101.7,102.7,45,Qualified
13,119.9,120.0,107.9,119.1,10,Not Qualified
11,101.2,108.2,102.0,101.5,7,Not Qualified
15,95.3,104.1,100.3,104.0,3,Not Qualified
63,99.1,102.8,113.2,107.0,26,Qualified
51,122.0,100.8,112.0,112.4,43,Qualified
13,121.2,96.7,103.3,110.9,39,Not Qualified
63,112.9,105.3,104.7,102.5,37,Qualified
38,113.0,103.1,100.5,105.8,46,Not Qualified
27,115.0,124.0,116.7,104.8,29,Qualified
35,100.3,111.7,119.5,104.3,43,Qualified
53,122.4,105.4,102.7,108.2,47,Qualified
43,107.6,112.4,104.6,114.1,47,Not Qualified
19,106.5,99.2,117.4,104.3,26,Qualified
45,110.6,108.3,118.5,107.3,20,Qualified
23,96.4,113.8,108.4,107.8,19,Not Qualified
40,100.0,109.7,101.0,119.5,3,Not Qualified
57,117.1,107.1,100.8,119.1,10,Qualified
24,97.5,124.8,111.5,116.0,12,Not Qualified
17,113.1,121.4,107.9,104.8,8,Not Qualified
23,102.4,113.7,100.6,101.4,3,Not Qualified
32,106.7,112.1,111.7,106.3,11,Not Qualified
49,103.7,113.6,100.2,105.3,8,Qualified
30,105.7,101.0,115.7,110.1,12,Not Qualified
25,116.6,106.9,106.1,115.6,47,Not Qualified
54,103.9,96.2,100.8,117.2,25,Qualified
27,112.0,109.3,111.8,116.9,37,Not Qualified
56,109.3,111.3,108.0,107.2,41,Qualified
62,114.9,101.8,119.5,113.7,12,Qualified
33,123.1,123.9,110.9,106.3,38,Not Qualified
35,117.0,122.3,105.5,101.2,27,Not Qualified
34,101.4,116.7,114.2,114.0,18,Not Qualified
54,95.9,111.0,105.4,100.2,23,Qualified
50,102.9,121.1,118.1,108.2,18,Qualified
38,112.9,98.9,107.5,106.6,48,Not Qualified
24,96.5,118.7,111.0,113.9,12,Not Qualified
54,109.9,98.7,101.0,115.3,12,Qualified
10,112.9,118.8,108.5,106.1,27,Not Qualified
34,105.0,103.3,116.6,116.2,1,Not Qualified
16,118.1,121.3,116.1,105.9,9,Qualified
18,98.2,123.3,104.5,108.9,21,Not Qualified
33,97.3,99.5,104.5,114.5,12,Not Qualified
10,116.8,108.9,116.3,113.9,8,Not Qualified
53,109.9,124.4,118.6,119.7,32,Qualified
17,115.7,109.5,101.9,104.5,13,Not Qualified
33,108.0,120.9,109.0,113.2,47,Not Qualified
20,102.4,112.7,106.7,112.2,19,Not Qualified
60,119.6,106.3,117.4,118.3,14,Qualified
26,119.0,103.6,101.7,103.1,31,Not Qualified
17,115.8,101.1,104.2,115.0,32,Not Qualified
44,103.2,117.9,115.0,111.4,16,Not Qualified
44,112.7,106.6,101.0,105.5,23,Not Qualified
42,105.8,110.3,109.9,109.5,29,Not Qualified
14,97.7,109.8,108.8,106.7,12,Not Qualified
51,122.5,112.3,106.7,111.6,46,Qualified
48,99.1,121.0,107.9,117.8,47,Qualified
50,123.5,124.4,110.6,111.4,15,Qualified
37,108.4,107.2,103.2,112.6,1,Not Qualified
16,100.6,119.8,111.4,110.4,16,Not Qualified
18,111.3,117.9,116.1,101.0,31,Qualified
17,121.2,112.2,115.2,104.7,42,Qualified
21,117.0,123.7,103.1,109.8,7,Not Qualified
43,119.2,101.0,103.0,106.2,2,Not Qualified
42,114.8,98.3,105.4,103.6,11,Not Qualified
57,115.8,120.6,107.2,110.1,19,Qualified
64,120.5,108.2,108.2,106.5,15,Qualified
32,102.5,120.4,113.6,105.2,13,Qualified
33,109.7,121.8,101.1,109.3,15,Not Qualified
46,101.6,96.9,100.7,102.7,48,Qualified
44,124.6,121.5,107.8,118.6,42,Not Qualified
53,123.3,108.4,113.9,117.4,48,Qualified
49,96.2,110.3,103.9,114.2,50,Qualified
31,116.2,113.8,112.8,102.1,32,Qualified
36,122.8,122.8,105.2,115.5,29,Not Qualified
44,100.4,95.6,117.7,116.2,11,Not Qualified
10,112.0,109.3,117.9,115.4,14,Not Qualified
44,122.5,115.6,105.9,102.3,17,Not Qualified
46,96.0,116.7,104.6,112.9,27,Qualified
56,115.9,115.8,108.2,116.7,22,Qualified
23,103.9,99.0,104.8,111.5,13,Not Qualified
12,122.7,104.0,113.4,112.9,29,Not Qualified
10,124.1,105.8,116.5,109.2,32,Qualified
14,123.3,119.1,113.5,110.6,44,Not Qualified
35,109.2,103.4,116.5,100.7,14,Qualified
64,120.9,101.3,107.9,112.8,6,Qualified
23,120.3,123.7,103.1,101.6,14,Not Qualified
48,104.6,95.3,114.8,108.7,41,Qualified
36,119.9,124.9,107.2,105.9,45,Not Qualified
18,96.1,115.3,113.4,110.9,37,Not Qualified
24,112.9,119.9,105.4,102.7,45,Not Qualified
24,101.9,103.8,101.6,113.8,43,Not Qualified
35,98.6,95.4,119.9,115.9,10,Not Qualified
51,97.3,117.1,103.1,103.3,28,Qualified
22,115.9,120.0,119.8,102.1,30,Qualified
60,105.2,117.2,119.5,102.9,24,Qualified
41,116.7,99.3,115.9,117.5,23,Not Qualified
48,97.0,117.6,113.2,110.6,18,Qualified
58,104.5,118.1,111.6,109.3,1,Qualified
61,111.2,114.8,117.3,102.1,21,Qualified
41,118.7,118.0,105.8,113.0,19,Not Qualified
13,104.6,120.4,109.4,117.4,32,Not Qualified
39,113.8,113.4,112.4,116.6,7,Not Qualified
46,121.6,97.7,108.2,112.5,24,Qualified
32,113.5,109.6,108.5,101.5,45,Not Qualified
48,102.0,97.3,106.6,102.2,8,Qualified
54,95.7,107.2,111.3,101.0,33,Qualified
24,121.1,107.2,117.0,105.1,22,Qualified
52,95.6,97.0,104.0,102.7,4,Qualified
38,121.2,105.5,118.7,105.2,24,Qualified
45,110.9,98.3,113.8,107.7,7,Qualified
22,123.2,119.2,116.5,118.9,15,Not Qualified
41,119.0,123.4,111.1,112.2,47,Not Qualified
16,124.9,97.2,115.6,116.7,44,Not Qualified
60,105.5,123.7,100.3,114.2,14,Qualified
31,118.0,110.7,116.4,102.3,0,Qualified
37,107.1,104.0,100.8,114.7,21,Not Qualified
11,109.4,97.3,117.8,105.5,2,Qualified
51,113.8,110.0,119.8,112.8,37,Qualified
54,121.2,118.8,105.9,106.8,13,Qualified
62,124.5,116.2,104.2,120.0,35,Qualified
15,118.0,96.5,115.3,105.3,17,Qualified
37,107.5,97.2,105.1,105.6,46,Not Qualified
37,107.6,107.1,117.3,118.6,40,Not Qualified
53,117.1,103.9,102.1,100.5,17,Qualified
53,102.2,102.0,102.5,113.9,2,Qualified
29,98.3,103.4,119.6,114.5,9,Not Qualified
39,105.6,119.1,113.5,116.7,48,Not Qualified
20,103.6,122.9,116.9,119.5,38,Not Qualified
64,103.9,107.2,106.5,119.5,46,Qualified
37,102.0,122.2,113.5,101.3,0,Qualified
34,96.3,104.6,111.9,116.4,26,Not Qualified
48,95.5,109.3,112.1,112.9,26,Qualified
42,124.6,101.8,113.7,112.9,10,Not Qualified
10,107.8,114.2,111.5,102.6,48,Not Qualified
36,106.5,124.4,108.6,113.0,4,Not Qualified
61,115.4,113.1,105.5,119.6,6,Qualified
22,101.5,105.7,115.4,118.2,18,Not Qualified
50,123.5,114.4,104.5,108.8,28,Qualified
12,118.6,98.7,113.8,100.8,14,Qualified
48,97.7,121.7,104.7,107.2,34,Qualified
15,107.5,110.1,112.5,116.5,46,Not Qualified
17,121.4,108.5,114.9,114.0,36,Not Qualified
36,123.3,112.6,104.4,109.2,11,Not Qualified
18,109.0,113.7,101.2,101.1,29,Not Qualified
46,113.4,97.2,102.6,108.5,19,Qualified
42,100.0,115.5,112.1,109.4,36,Qualified
60,124.7,102.3,117.0,118.6,2,Qualified
51,102.0,116.4,100.9,112.8,8,Qualified
53,123.3,119.7,114.7,106.2,40,Qualified
33,114.5,119.1,106.8,110.5,38,Not Qualified
24,113.2,111.6,109.6,101.3,25,Not Qualified
63,110.4,110.6,118.6,119.5,1,Qualified
41,101.9,99.3,106.6,107.2,22,Not Qualified
41,100.3,118.3,109.3,109.6,22,Not Qualified
33,101.6,103.1,100.3,107.1,20,Not Qualified
50,100.6,109.9,101.6,113.7,15,Qualified
61,118.4,103.5,105.2,113.2,8,Qualified
58,105.5,99.0,100.6,114.3,12,Qualified
58,96.7,113.9,112.6,105.4,27,Qualified
61,124.1,96.6,108.5,106.3,26,Qualified
21,121.5,117.5,111.0,102.5,50,Not Qualified
48,122.8,104.5,103.5,113.1,16,Qualified
11,124.8,95.0,105.9,100.8,37,Not Qualified
12,100.2,110.3,113.3,112.0,35,Not Qualified
58,106.9,96.4,119.3,117.4,0,Qualified
46,117.7,103.3,101.0,117.8,17,Qualified
58,115.9,116.2,117.8,109.0,50,Qualified
65,99.6,96.9,111.5,109.2,8,Qualified
26,119.5,120.2,111.3,101.5,12,Not Qualified
58,101.7,95.1,110.0,113.4,39,Qualified
11,101.7,102.4,101.4,116.4,44,Not Qualified
11,111.1,117.2,101.8,104.9,14,Not Qualified
37,112.8,104.5,112.0,108.4,42,Not Qualified
63,112.4,98.1,106.8,116.8,43,Qualified
32,97.7,105.8,118.3,117.5,45,Not Qualified
46,121.3,103.1,108.1,104.9,3,Qualified
41,103.0,120.3,102.9,111.0,32,Not Qualified
42,98.9,104.4,114.3,103.8,23,Qualified
10,121.7,118.7,105.9,102.0,35,Not Qualified
28,123.7,121.8,110.5,118.2,50,Not Qualified
11,120.9,108.0,114.0,116.4,40,Not Qualified
62,119.3,122.3,118.0,115.2,9,Qualified
53,114.7,106.3,115.8,101.0,35,Qualified
35,111.5,123.9,113.5,116.9,19,Not Qualified
41,97.6,97.7,113.6,108.8,40,Qualified
15,107.3,115.6,118.9,106.8,44,Qualified
41,106.2,109.8,105.9,110.9,43,Not Qualified
64,102.8,106.6,100.0,101.8,10,Qualified
13,116.7,114.0,105.4,115.1,11,Not Qualified
64,109.9,116.1,104.4,111.6,17,Qualified
20,97.4,95.1,113.2,103.7,29,Qualified
65,101.6,100.0,112.7,103.8,43,Qualified
26,115.5,116.4,111.9,103.7,47,Not Qualified
47,97.3,115.0,100.3,101.1,36,Qualified
33,120.5,124.0,114.6,111.8,19,Not Qualified
14,109.9,117.8,106.5,116.8,24,Not Qualified
61,109.4,123.5,113.3,100.3,11,Qualified
43,112.8,116.1,111.1,101.0,20,Not Qualified
15,119.7,103.9,106.9,111.5,24,Not Qualified
31,105.4,98.2,102.7,116.4,10,Not Qualified
20,115.3,118.5,101.9,106.5,8,Not Qualified
57,112.0,114.3,116.6,107.0,49,Qualified
25,103.0,96.4,118.4,111.9,24,Not Qualified
42,121.4,105.8,113.0,105.5,34,Qualified
18,118.9,123.7,102.1,100.5,31,Not Qualified
15,114.8,110.0,108.0,114.7,48,Not Qualified
25,120.5,108.0,114.6,112.5,13,Not Qualified
38,121.0,108.7,115.6,111.6,0,Not Qualified
12,116.3,101.3,102.4,114.8,16,Not Qualified
29,120.1,106.1,100.0,113.5,24,Not Qualified
45,115.9,106.1,114.2,104.1,7,Qualified
28,115.4,96.6,107.1,107.0,4,Not Qualified
35,113.6,118.0,105.1,102.5,4,Not Qualified
12,117.6,107.5,100.3,102.6,40,Not Qualified
28,99.8,119.7,110.8,113.5,34,Not Qualified
29,121.4,120.5,117.0,117.2,18,Not Qualified
41,121.2,101.4,119.2,119.3,22,Not Qualified
16,95.9,114.7,111.3,112.6,8,Not Qualified
61,119.8,109.2,110.3,103.7,29,Qualified
50,98.9,121.4,101.7,102.1,49,Qualified
42,105.1,101.5,111.0,116.3,15,Not Qualified
49,117.3,115.3,107.6,111.6,32,Qualified
48,99.8,113.2,112.1,112.4,1,Qualified
27,119.5,103.9,107.8,115.6,13,Not Qualified
49,120.0,99.1,104.8,114.1,45,Qualified
10,110.2,114.5,101.9,116.7,0,Not Qualified
20,95.2,117.2,106.3,101.1,25,Not Qualified
37,103.6,104.5,101.9,115.0,24,Not Qualified
34,113.5,114.3,103.5,117.0,15,Not Qualified
59,124.4,106.9,119.7,105.7,14,Qualified
32,114.0,116.4,108.9,112.8,25,Not Qualified
40,102.8,101.0,110.6,106.3,46,Not Qualified
39,114.0,121.7,117.5,119.2,43,Not Qualified
51,111.2,103.6,119.9,100.7,15,Qualified
44,118.4,106.0,111.7,111.6,13,Not Qualified
16,98.2,96.7,116.2,103.3,28,Qualified
25,117.8,98.3,106.5,114.2,23,Not Qualified
35,111.2,110.5,106.1,103.5,46,Not Qualified
57,123.9,103.0,108.1,104.7,14,Qualified
61,105.3,120.1,113.5,109.9,18,Qualified
58,114.0,95.4,113.6,118.3,7,Qualified
11,123.0,106.4,106.3,104.2,33,Not Qualified
10,98.1,105.1,102.7,102.9,1,Not Qualified
57,123.1,95.6,112.6,115.2,26,Qualified
21,115.6,98.7,102.6,110.0,9,Not Qualified
14,97.0,107.4,111.6,118.2,34,Not Qualified
46,104.0,109.8,113.9,102.9,22,Qualified
41,116.2,107.1,114.0,112.9,48,Not Qualified
64,97.0,110.9,115.1,104.7,7,Qualified
18,112.5,112.9,117.5,103.1,27,Qualified
50,105.4,95.3,110.0,113.7,22,Qualified
44,113.6,108.9,114.6,111.9,3,Not Qualified
28,96.4,123.9,112.4,115.1,13,Not Qualified
57,121.1,110.6,103.7,106.2,41,Qualified
25,124.2,115.3,100.5,109.0,28,Not Qualified
12,124.1,104.4,105.7,108.1,0,Not Qualified
29,117.5,118.2,108.9,119.7,3,Not Qualified
33,98.9,118.2,112.3,105.8,31,Qualified
63,117.7,110.6,117.0,105.9,32,Qualified
65,95.7,124.3,103.9,107.1,48,Qualified
42,95.7,98.8,102.5,111.3,25,Not Qualified
33,104.7,95.5,119.3,105.0,16,Qualified
61,109.7,118.1,102.2,118.3,38,Qualified
20,118.1,119.2,109.6,105.3,22,Not Qualified
58,115.5,98.6,111.7,117.9,31,Qualified
17,108.4,103.0,110.8,102.1,14,Not Qualified
45,103.2,95.5,101.7,113.1,12,Qualified
47,124.9,103.8,101.1,118.1,1,Qualified
49,107.8,118.2,102.1,103.4,18,Qualified
29,108.5,110.5,111.7,119.4,23,Not Qualified
44,99.9,105.4,110.9,109.1,44,Not Qualified
57,118.8,106.2,104.7,118.9,23,Qualified
34,115.8,95.0,112.8,113.5,10,Not Qualified
44,101.6,104.0,116.4,106.0,21,Qualified
34,97.5,114.4,100.8,103.8,14,Not Qualified
38,115.4,124.2,110.0,106.1,9,Not Qualified
27,114.6,120.4,113.8,101.9,40,Qualified
55,103.2,95.7,105.0,102.9,26,Qualified
27,123.5,122.0,106.2,102.1,8,Not Qualified
11,99.5,118.5,112.3,108.5,27,Qualified
63,108.0,118.4,118.0,115.9,0,Qualified
44,123.3,108.7,116.2,102.8,16,Qualified
25,107.6,106.9,111.7,102.6,30,Not Qualified
50,114.2,104.1,114.6,112.9,43,Qualified
45,106.9,97.0,107.3,103.9,9,Qualified
42,103.2,101.8,112.8,102.0,36,Qualified
13,124.5,102.4,109.3,103.3,28,Not Qualified
42,107.3,109.5,103.8,118.5,17,Not Qualified
23,121.8,117.4,114.0,116.4,46,Not Qualified
30,101.9,109.2,111.1,107.1,37,Not Qualified
57,101.4,96.7,107.2,113.1,38,Qualified
29,95.9,123.7,118.2,110.7,48,Not Qualified
65,114.6,123.3,100.4,113.5,5,Qualified
17,106.1,118.6,106.3,113.7,39,Not Qualified
16,120.9,124.7,101.1,112.6,11,Not Qualified
12,109.2,111.3,115.3,105.3,13,Qualified
26,124.0,123.9,114.0,100.8,43,Qualified
42,100.6,97.3,106.6,109.1,9,Not Qualified
57,121.1,106.0,113.5,117.8,19,Qualified
21,118.3,101.8,107.9,111.4,14,Not Qualified
60,118.1,100.9,115.1,116.6,30,Qualified
31,120.3,99.2,109.1,119.8,6,Not Qualified
64,117.8,113.7,108.2,103.3,40,Qualified
31,113.8,118.4,118.7,113.8,9,Not Qualified
55,98.9,112.3,105.0,113.5,9,Qualified
39,96.0,99.4,102.4,119.6,47,Not Qualified
47,122.6,119.3,111.7,119.7,38,Qualified
47,113.5,114.1,119.4,113.7,27,Qualified
54,118.9,106.6,107.6,104.9,29,Qualified
60,109.4,115.2,101.2,116.0,36,Qualified
63,98.5,102.8,106.8,102.1,2,Qualified
17,98.8,105.4,110.1,115.6,49,Not Qualified
36,115.6,122.5,103.2,118.2,42,Not Qualified
36,107.9,103.7,113.2,107.7,14,Qualified
43,101.0,109.1,120.0,112.6,20,Not Qualified
30,109.7,121.7,109.0,108.6,36,Not Qualified
39,96.9,116.2,107.1,108.8,11,Not Qualified
42,112.5,96.9,108.0,106.2,3,Not Qualified
37,103.1,99.4,102.3,115.2,46,Not Qualified
56,118.9,95.2,117.7,118.7,8,Qualified
42,104.3,113.9,108.3,118.8,38,Not Qualified
14,108.7,108.4,107.7,103.5,41,Not Qualified
57,95.3,99.0,113.2,117.5,27,Qualified
28,97.2,123.7,108.8,114.7,22,Not Qualified
13,106.8,110.9,113.0,105.1,44,Qualified
44,109.4,102.3,101.2,101.3,39,Not Qualified
58,113.0,110.0,116.3,105.4,43,Qualified
26,103.7,115.4,118.8,118.2,21,Not Qualified
53,115.8,97.3,113.0,112.7,23,Qualified
37,120.8,103.2,119.1,114.4,50,Not Qualified
39,118.4,119.2,103.0,105.1,25,Not Qualified
38,96.2,108.8,109.5,114.4,29,Not Qualified
55,109.4,111.4,112.0,100.6,32,Qualified
62,98.1,108.0,111.6,107.5,15,Qualified
15,102.3,96.3,108.0,112.5,21,Not Qualified
44,124.6,100.0,106.8,102.9,48,Not Qualified
50,99.3,108.4,102.5,116.5,49,Qualified
46,110.0,101.3,107.8,104.7,42,Qualified
33,113.5,96.5,103.3,113.0,17,Not Qualified
38,116.1,120.3,114.7,108.1,6,Qualified
58,111.8,124.4,104.2,111.9,49,Qualified
55,95.3,118.8,101.2,102.1,25,Qualified
62,104.8,120.6,111.0,100.3,7,Qualified
40,110.5,102.3,111.9,118.2,5,Not Qualified
44,97.6,123.8,117.4,105.4,29,Qualified
42,105.5,100.9,111.5,116.4,38,Not Qualified
61,96.0,123.5,106.9,120.0,22,Qualified
30,97.4,124.8,116.1,104.2,31,Qualified
41,106.9,116.4,110.8,105.3,21,Not Qualified
32,99.0,124.4,101.6,113.3,41,Not Qualified
42,112.0,112.1,111.3,119.3,42,Not Qualified
12,115.7,102.8,118.2,118.3,44,Not Qualified
27,119.0,108.1,107.9,110.1,8,Not Qualified
34,101.0,112.8,105.9,115.9,30,Not Qualified
51,100.0,97.2,102.9,102.7,6,Qualified
40,98.1,113.7,103.0,119.5,8,Not Qualified
63,114.1,124.4,108.7,119.3,12,Qualified
12,116.2,100.7,111.9,103.3,2,Not Qualified
49,95.9,118.8,101.6,106.0,34,Qualified
55,123.1,122.2,118.8,102.0,32,Qualified
33,96.6,123.3,115.1,105.4,20,Qualified
59,111.2,123.8,111.7,116.3,30,Qualified
41,116.3,110.6,116.6,107.6,33,Qualified
56,121.1,124.3,101.6,101.8,31,Qualified
31,116.4,117.7,109.5,106.8,34,Not Qualified
32,119.1,99.9,112.6,119.6,14,Not Qualified
11,105.2,109.3,116.6,112.6,31,Not Qualified
36,119.4,116.5,115.7,108.3,5,Qualified
51,97.4,102.4,105.5,103.3,44,Qualified
11,121.8,114.2,118.8,119.7,20,Not Qualified
35,111.4,115.0,102.5,116.4,32,Not Qualified
26,119.5,99.9,117.5,105.6,31,Qualified
49,108.6,112.0,119.4,101.4,18,Qualified
42,114.3,118.1,103.5,101.1,32,Not Qualified
18,110.8,110.0,114.4,102.4,27,Qualified
52,116.9,95.4,100.8,111.6,30,Qualified
63,97.4,95.3,108.1,118.6,20,Qualified
57,96.8,105.7,110.3,109.9,33,Qualified
48,102.4,122.8,111.6,116.9,14,Qualified
38,99.8,101.9,118.7,108.9,13,Qualified
51,121.2,114.0,113.4,114.2,18,Qualified
64,101.6,101.7,109.6,114.6,42,Qualified
35,124.3,104.7,116.2,103.5,14,Qualified
44,105.1,120.4,119.0,107.2,5,Qualified
59,100.5,116.9,100.4,112.7,8,Qualified
34,118.7,97.9,119.7,101.4,36,Qualified
33,114.8,107.9,101.7,107.2,19,Not Qualified
22,109.9,95.9,116.3,110.7,33,Not Qualified
16,111.7,109.4,105.6,119.9,37,Not Qualified
45,116.6,114.9,102.6,109.5,25,Qualified
54,101.9,98.6,108.8,116.3,17,Qualified
29,124.9,103.7,112.9,108.6,27,Qualified
10,124.2,106.9,107.6,115.9,50,Not Qualified
17,114.5,122.6,101.1,111.9,8,Not Qualified
55,101.0,124.8,112.0,117.7,31,Qualified
25,115.4,96.3,118.0,108.2,5,Qualified
23,97.2,117.8,107.7,112.1,13,Not Qualified
21,95.9,106.2,104.3,112.6,27,Not Qualified
60,102.7,106.8,108.9,108.3,23,Qualified
32,108.9,117.6,101.0,102.9,12,Not Qualified
24,121.0,122.6,116.4,101.9,42,Qualified
37,116.8,123.5,116.5,100.3,11,Qualified
43,117.3,112.3,111.8,117.5,50,Not Qualified
11,107.8,105.7,107.1,104.7,18,Not Qualified
41,105.4,118.6,116.0,104.2,20,Qualified
32,106.1,102.5,111.1,114.7,26,Not Qualified
31,124.6,111.9,116.5,106.4,18,Qualified
60,96.2,105.8,112.6,110.1,23,Qualified
34,121.0,114.7,115.7,103.3,25,Qualified
31,112.4,102.2,112.0,119.2,44,Not Qualified
31,108.2,100.7,108.3,117.0,27,Not Qualified
58,116.8,122.5,119.2,117.3,45,Qualified
61,109.6,98.1,110.8,108.1,17,Qualified
51,121.2,110.2,112.1,115.2,43,Qualified
15,122.0,101.6,104.4,102.9,35,Not Qualified
24,107.7,96.2,112.5,100.2,41,Qualified
63,103.3,96.1,111.4,100.4,28,Qualified
52,112.8,100.3,103.7,111.7,16,Qualified
46,122.4,121.0,101.2,109.1,3,Qualified
42,101.3,103.5,112.1,110.4,43,Not Qualified
17,113.7,123.5,115.3,100.1,44,Qualified
62,113.9,112.4,110.5,108.5,28,Qualified
53,117.0,108.1,104.5,114.4,3,Qualified
53,98.9,112.4,113.3,108.9,9,Qualified
14,116.5,110.5,101.6,114.6,24,Not Qualified
48,122.3,117.8,108.8,104.7,30,Qualified
13,100.4,103.5,103.3,116.3,2,Not Qualified
15,102.1,105.6,103.7,111.8,46,Not Qualified
54,124.1,121.8,104.0,104.2,1,Qualified
41,100.4,123.4,107.7,104.7,24,Not Qualified
61,120.6,121.8,101.0,112.6,48,Qualified
39,109.8,107.6,108.0,116.6,5,Not Qualified
56,102.4,118.4,110.2,108.3,25,Qualified
44,121.1,109.3,109.7,105.2,7,Not Qualified
64,108.4,109.9,107.7,117.3,34,Qualified
49,110.4,101.1,116.8,113.4,26,Qualified
61,105.8,112.7,102.9,109.0,24,Qualified
25,112.8,100.6,110.1,109.8,17,Not Qualified
22,99.9,104.9,101.2,104.1,0,Not Qualified
59,106.7,120.7,101.4,112.5,47,Qualified
51,124.1,101.2,111.5,107.2,38,Qualified
39,102.7,97.1,111.3,119.9,2,Not Qualified
28,114.7,97.1,117.6,109.6,3,Qualified
26,104.8,123.2,111.2,109.7,40,Not Qualified
65,118.2,110.2,119.2,111.3,36,Qualified
28,98.9,107.3,101.0,118.3,50,Not Qualified
37,124.1,119.3,102.0,116.0,14,Not Qualified
64,108.6,120.1,100.9,109.0,7,Qualified
35,102.1,105.0,103.7,114.4,37,Not Qualified
46,97.2,115.8,110.8,111.7,49,Qualified
35,100.1,118.1,112.9,109.8,18,Qualified
62,110.6,114.6,100.9,103.8,46,Qualified
32,105.1,99.5,118.9,109.3,25,Qualified
18,119.9,121.3,116.8,104.9,38,Qualified
21,107.9,111.2,105.9,118.3,9,Not Qualified
62,102.5,103.5,101.5,106.7,37,Qualified
10,113.5,107.8,103.4,119.0,13,Not Qualified
10,116.2,96.1,102.5,110.7,48,Not Qualified
56,100.0,98.8,102.5,112.6,40,Qualified
43,100.0,118.0,110.4,110.9,18,Not Qualified
41,96.1,95.0,104.9,102.6,29,Not Qualified
63,117.1,107.5,107.2,107.5,4,Qualified
57,114.9,110.7,119.8,102.0,30,Qualified
34,109.2,96.6,113.7,112.5,6,Not Qualified
49,120.3,124.2,119.0,108.9,18,Qualified
54,119.2,101.8,102.9,115.6,30,Qualified
62,112.6,104.1,107.6,104.4,38,Qualified
10,121.0,104.1,111.1,103.3,23,Not Qualified
25,101.2,101.9,101.5,108.1,33,Not Qualified
48,98.4,95.0,100.1,118.5,22,Qualified
14,103.1,116.9,113.4,114.2,47,Not Qualified
31,96.7,124.0,112.8,108.4,44,Qualified
38,110.9,101.7,108.2,110.3,39,Not Qualified
64,123.1,114.9,109.8,101.7,5,Qualified
12,96.2,117.3,108.3,119.7,37,Not Qualified
21,98.7,120.5,100.5,113.3,40,Not Qualified
35,108.6,107.7,106.7,105.7,35,Not Qualified
25,123.0,104.1,103.5,111.7,26,Not Qualified
60,104.5,104.8,102.0,102.2,10,Qualified
46,110.2,116.4,119.1,119.3,4,Qualified
31,96.2,119.5,112.0,103.5,16,Not Qualified
38,99.5,100.4,114.6,113.0,6,Not Qualified
23,124.6,106.1,106.3,104.9,26,Not Qualified
37,124.0,122.1,107.9,114.4,46,Not Qualified
14,95.1,119.2,104.7,115.5,14,Not Qualified
56,123.6,124.5,101.9,113.5,45,Qualified
58,114.2,117.6,103.6,112.3,12,Qualified
39,121.0,106.8,116.0,117.8,10,Not Qualified
55,108.6,112.7,113.6,101.6,44,Qualified
61,110.5,114.8,110.9,106.6,25,Qualified
14,109.7,97.4,109.5,105.0,21,Not Qualified
21,115.0,111.3,118.4,119.8,27,Not Qualified
25,99.2,116.3,101.5,107.8,23,Not Qualified
35,95.9,100.0,105.6,114.7,28,Not Qualified
35,104.2,118.4,107.0,113.7,8,Not Qualified
57,116.1,112.5,115.6,104.2,41,Qualified
30,101.1,123.6,119.9,104.8,3,Qualified
48,115.2,96.3,104.8,105.6,48,Qualified
45,124.1,103.0,117.5,108.2,45,Qualified
42,97.8,113.0,116.6,104.7,17,Qualified
39,115.2,103.9,104.5,100.4,42,Not Qualified
46,108.3,116.4,108.0,117.6,15,Qualified
32,121.0,117.8,108.2,119.3,32,Not Qualified
19,100.3,98.1,119.6,106.8,28,Qualified
63,115.8,110.4,103.6,106.8,38,Qualified
14,120.1,110.3,116.0,100.1,9,Qualified
45,123.3,106.1,106.7,113.6,8,Qualified
43,115.5,123.0,114.6,116.5,30,Not Qualified
61,109.9,119.8,108.4,102.9,27,Qualified
40,113.5,115.9,111.6,103.2,2,Not Qualified
19,121.1,116.4,116.7,115.8,13,Not Qualified
28,112.1,108.9,116.1,112.3,24,Not Qualified
41,95.9,122.6,117.3,100.9,14,Qualified
10,122.9,115.8,101.2,112.5,1,Not Qualified
65,115.7,116.9,113.8,106.2,23,Qualified
14,115.3,120.9,102.8,107.4,13,Not Qualified
54,101.5,103.2,108.3,115.4,47,Qualified
13,114.8,119.2,111.0,116.2,6,Not Qualified
25,106.8,100.9,108.1,108.0,35,Not Qualified
33,114.5,105.4,110.4,118.9,49,Not Qualified
25,98.2,105.1,119.9,108.1,23,Qualified
64,114.7,124.4,102.7,115.4,26,Qualified
11,125.0,120.7,113.5,109.7,36,Qualified
58,96.4,116.0,107.9,118.0,37,Qualified
37,124.3,116.8,102.7,118.2,29,Not Qualified
41,107.2,111.9,103.2,101.7,26,Not Qualified
36,121.1,123.4,119.0,118.7,38,Not Qualified
29,118.5,109.9,117.6,116.5,14,Not Qualified
33,112.0,106.4,118.1,115.8,25,Not Qualified
21,117.2,99.9,119.8,104.0,0,Qualified
59,121.4,118.6,104.2,116.1,3,Qualified
44,107.1,117.0,107.1,117.0,28,Not Qualified
42,104.8,106.5,113.4,105.8,0,Qualified
42,115.0,95.8,109.7,119.0,42,Not Qualified
60,119.2,120.2,108.4,101.0,49,Qualified
52,117.9,95.3,107.2,103.0,45,Qualified
46,118.9,116.1,111.9,110.8,21,Qualified
21,108.1,124.1,111.5,111.5,10,Not Qualified
12,119.5,108.1,103.2,112.9,9,Not Qualified
10,98.6,102.0,109.4,100.3,16,Not Qualified
42,111.3,116.1,111.1,119.2,35,Not Qualified
49,95.2,119.5,111.4,100.9,46,Qualified
19,104.7,111.4,104.2,102.9,25,Not Qualified
52,106.0,124.0,114.8,100.3,47,Qualified
53,106.9,96.6,100.5,111.3,20,Qualified
38,115.9,110.1,107.1,118.6,12,Not Qualified
22,106.7,116.6,115.6,113.3,8,Not Qualified
21,108.5,120.9,111.3,116.5,10,Not Qualified
40,102.1,100.4,105.2,100.3,10,Not Qualified
55,106.2,119.0,113.9,110.8,5,Qualified
11,101.8,111.6,111.3,109.2,0,Not Qualified
60,97.2,106.9,115.9,110.0,5,Qualified
59,113.1,99.0,114.7,101.4,12,Qualified
44,115.0,121.0,112.2,113.7,21,Not Qualified
32,113.6,99.7,109.8,110.1,30,Not Qualified
26,108.9,104.3,102.7,115.3,21,Not Qualified
35,106.4,103.7,105.2,109.7,36,Not Qualified
17,120.9,121.1,108.4,103.0,46,Not Qualified
38,110.6,115.2,112.0,113.0,26,Not Qualified
35,109.4,118.9,110.3,103.4,49,Not Qualified
19,95.8,102.5,105.8,117.4,13,Not Qualified
35,105.2,113.7,100.1,112.3,46,Not Qualified
43,106.4,112.2,109.9,103.1,4,Not Qualified
60,107.0,120.0,105.7,119.2,35,Qualified
50,112.4,122.2,114.7,110.4,31,Qualified
16,111.0,95.4,100.5,101.5,33,Not Qualified
13,113.2,115.2,111.7,112.5,6,Not Qualified
62,117.9,96.6,118.8,105.1,41,Qualified
59,119.4,111.5,103.5,116.1,47,Qualified
54,116.5,103.6,109.4,116.4,9,Qualified
20,123.7,104.2,101.8,119.6,49,Not Qualified
38,95.5,105.6,112.5,110.0,16,Not Qualified
65,100.9,113.6,111.0,109.1,29,Qualified
45,95.2,105.0,108.1,115.1,20,Qualified
34,114.4,117.0,110.4,102.6,12,Not Qualified
30,121.9,107.1,117.9,110.9,0,Not Qualified
45,102.3,97.1,103.9,110.9,0,Qualified
19,122.8,118.5,100.5,101.8,46,Not Qualified
46,96.8,103.6,117.2,108.4,32,Qualified
18,123.0,108.0,111.5,117.1,37,Not Qualified
33,105.5,115.6,117.8,117.1,24,Not Qualified
44,98.0,105.0,111.9,102.0,25,Not Qualified
58,109.6,96.7,116.2,101.8,12,Qualified
44,102.7,106.2,108.6,105.3,27,Not Qualified
57,103.5,123.3,115.0,117.5,32,Qualified
45,104.2,114.3,118.3,102.6,36,Qualified
27,119.1,115.1,111.4,114.4,40,Not Qualified
58,111.2,114.0,103.6,102.0,29,Qualified
48,104.3,101.0,105.4,112.5,48,Qualified
41,113.3,107.6,104.0,107.1,47,Not Qualified
33,116.5,117.5,104.9,115.8,7,Not Qualified
32,103.2,98.0,106.1,104.7,48,Not Qualified
41,107.4,103.3,111.1,112.8,46,Not Qualified
46,98.7,103.3,111.8,104.7,0,Qualified
21,100.4,108.0,108.5,114.3,11,Not Qualified
58,115.4,124.4,112.3,117.5,4,Qualified
64,100.4,97.0,101.6,102.5,23,Qualified
22,110.8,110.6,101.8,117.3,5,Not Qualified
32,116.3,100.4,103.4,111.9,24,Not Qualified
34,98.2,124.1,110.4,102.5,0,Not Qualified
44,112.0,98.4,104.3,108.6,24,Not Qualified
50,102.7,107.1,105.7,103.2,0,Qualified
39,123.9,117.1,108.0,114.0,31,Not Qualified
26,109.5,116.1,116.2,115.2,41,Not Qualified
58,119.2,107.7,100.3,102.1,41,Qualified
29,111.5,105.4,113.0,110.1,2,Not Qualified
57,96.3,106.9,113.4,116.3,48,Qualified
34,114.0,102.9,116.0,118.7,18,Not Qualified
31,123.5,101.2,118.7,110.3,42,Not Qualified
22,113.0,109.5,100.4,119.0,28,Not Qualified
28,119.6,103.1,103.1,110.7,49,Not Qualified
58,121.5,103.6,117.7,107.9,1,Qualified
45,101.8,114.7,109.2,117.0,8,Qualified
21,101.4,124.1,111.3,109.9,16,Not Qualified
50,113.3,113.1,113.3,109.4,45,Qualified
28,107.3,97.3,113.6,109.8,35,Qualified
21,120.2,97.3,118.6,116.9,16,Not Qualified
18,122.0,123.5,119.9,116.6,48,Not Qualified
16,105.6,103.9,114.4,108.1,11,Qualified
37,102.1,97.8,105.7,106.7,19,Not Qualified
23,118.4,113.0,117.6,109.8,49,Qualified
40,103.2,113.7,101.0,111.5,2,Not Qualified
61,119.7,114.5,104.6,104.8,42,Qualified
28,107.7,103.0,117.9,115.9,49,Not Qualified
56,115.0,95.5,105.1,109.7,3,Qualified
25,97.9,124.0,104.4,106.7,16,Not Qualified
62,113.7,102.5,102.8,102.1,49,Qualified
14,108.6,115.3,117.2,104.8,36,Qualified
44,112.6,116.2,110.0,119.0,45,Not Qualified
21,100.0,113.3,113.5,106.1,41,Qualified
34,117.1,104.4,104.8,103.4,14,Not Qualified
61,120.9,103.1,115.2,109.2,32,Qualified
30,101.5,112.9,115.2,106.1,15,Qualified
45,97.9,121.0,106.3,100.7,10,Qualified
62,95.7,123.4,108.2,106.5,19,Qualified
32,114.3,98.2,104.2,110.9,37,Not Qualified
25,113.2,99.6,119.5,111.0,23,Not Qualified
48,111.4,123.3,112.9,107.1,15,Qualified
54,102.0,117.1,118.7,108.9,29,Qualified
62,106.7,121.5,106.1,119.3,33,Qualified
51,112.8,101.1,115.6,107.5,0,Qualified
48,109.9,112.6,115.3,105.2,23,Qualified
23,124.6,116.0,113.8,104.9,23,Qualified
40,99.1,115.4,119.3,109.2,8,Qualified
14,115.9,107.2,107.9,115.2,21,Not Qualified
44,107.1,95.5,102.6,104.1,11,Not Qualified
32,107.8,112.5,113.4,114.2,16,Not Qualified
38,116.5,102.6,114.6,100.4,24,Qualified
52,115.8,108.5,111.5,108.4,27,Qualified
20,124.7,123.7,104.1,115.5,14,Not Qualified
27,98.9,107.0,110.1,106.8,29,Not Qualified
56,98.1,120.2,106.2,111.3,50,Qualified
21,116.7,100.7,108.5,104.1,26,Not Qualified
18,112.4,115.2,112.9,114.8,21,Not Qualified
19,103.2,124.3,114.9,101.0,9,Qualified
53,97.4,98.1,104.6,117.1,30,Qualified
26,97.6,95.2,108.1,104.0,26,Not Qualified
47,121.8,108.0,105.4,117.5,11,Qualified
16,100.8,97.8,104.0,107.1,45,Not Qualified
55,104.7,117.5,115.7,114.5,30,Qualified
22,101.8,122.4,118.2,106.4,31,Qualified
49,105.6,108.0,107.4,118.1,31,Qualified
51,97.1,102.8,115.0,102.5,40,Qualified
18,110.6,108.0,117.9,103.6,44,Qualified
59,97.0,116.7,116.9,109.9,34,Qualified
36,119.0,95.3,103.7,101.6,45,Not Qualified
11,102.0,112.7,119.1,103.9,20,Qualified
14,111.2,113.4,107.5,118.9,9,Not Qualified
38,121.4,114.1,106.8,119.5,15,Not Qualified
46,114.5,102.3,101.2,107.5,6,Qualified
47,111.0,116.4,109.7,118.5,3,Qualified
28,104.7,97.7,102.2,110.9,26,Not Qualified
17,105.0,101.0,105.0,105.4,24,Not Qualified
57,115.1,121.3,106.3,114.0,30,Qualified
54,124.8,117.2,116.2,113.2,10,Qualified
10,114.9,95.4,117.5,119.8,47,Not Qualified
31,111.7,102.5,106.0,105.3,19,Not Qualified
61,116.9,101.4,117.2,113.4,35,Qualified
26,109.0,103.1,117.1,101.0,16,Qualified
16,96.8,102.4,115.3,102.3,44,Qualified
34,111.9,96.9,102.9,100.1,10,Not Qualified
54,123.7,108.8,113.8,120.0,29,Qualified
13,100.3,117.0,118.9,116.0,34,Not Qualified
45,115.7,113.2,113.7,115.7,40,Qualified
15,101.0,115.2,106.6,110.2,37,Not Qualified
40,111.1,97.4,110.0,106.0,21,Not Qualified
28,97.9,123.5,112.9,103.0,42,Qualified
53,108.5,120.2,110.2,105.7,47,Qualified
63,117.7,119.2,102.4,107.5,50,Qualified
48,105.4,119.7,106.2,115.1,26,Qualified
36,114.9,123.0,116.0,110.8,36,Not Qualified
19,118.9,111.3,117.2,101.5,45,Qualified
35,122.8,101.0,102.7,100.4,48,Not Qualified
28,102.0,113.5,119.0,102.0,34,Qualified
48,107.0,117.3,106.6,108.2,3,Qualified
12,99.6,117.1,113.2,118.7,15,Not Qualified
54,124.8,110.6,115.0,112.7,15,Qualified
22,122.8,97.1,116.2,116.0,20,Not Qualified
59,111.2,106.1,118.9,109.3,25,Qualified
37,120.3,122.6,106.3,107.2,35,Not Qualified
29,110.6,112.5,117.2,102.2,18,Qualified
37,113.7,111.1,102.6,117.5,16,Not Qualified
17,97.7,103.1,114.1,115.7,44,Not Qualified
50,117.7,106.1,114.8,103.4,25,Qualified
48,98.8,121.9,113.6,110.2,21,Qualified
10,119.8,115.0,105.0,109.7,27,Not Qualified
12,118.5,118.6,117.5,112.5,0,Not Qualified
22,116.3,108.6,103.4,118.9,43,Not Qualified
37,96.1,113.9,101.1,111.6,35,Not Qualified
58,104.1,102.5,114.3,110.8,42,Qualified
34,102.9,116.2,109.5,101.0,36,Not Qualified
65,105.8,107.8,117.0,101.3,1,Qualified
42,97.6,108.3,107.7,103.7,16,Not Qualified
47,123.1,114.5,103.4,100.6,39,Qualified
62,111.6,123.1,116.7,114.9,37,Qualified
15,104.2,96.9,111.0,114.5,20,Not Qualified
53,106.9,119.7,103.8,102.7,8,Qualified
54,108.4,103.8,114.4,116.7,12,Qualified
41,113.0,108.3,110.2,103.1,10,Not Qualified
54,110.5,95.7,112.1,106.0,15,Qualified
56,122.6,104.0,109.2,105.0,15,Qualified
30,109.9,110.1,116.6,107.4,1,Qualified
25,124.8,96.7,116.6,105.1,41,Qualified
63,120.5,109.7,114.2,109.8,43,Qualified
30,101.3,122.8,102.1,108.1,7,Not Qualified
20,122.9,98.2,116.8,119.7,42,Not Qualified
46,98.5,117.9,113.4,101.1,41,Qualified
45,119.5,107.3,113.9,102.8,12,Qualified
44,106.4,114.7,107.3,101.1,16,Not Qualified
28,121.3,102.8,117.6,112.5,38,Not Qualified
29,121.0,99.8,114.5,101.1,23,Qualified
27,119.2,99.8,102.3,116.7,2,Not Qualified
56,118.7,97.1,108.2,110.2,29,Qualified
50,104.1,100.6,117.7,110.5,12,Qualified
58,97.4,114.9,100.9,111.2,18,Qualified
23,107.1,121.5,119.2,103.4,6,Qualified
24,100.2,119.4,113.6,104.0,8,Qualified
40,115.8,115.6,112.6,106.4,18,Qualified
10,105.4,98.3,105.4,111.9,44,Not Qualified
62,124.3,103.7,105.0,104.2,39,Qualified
63,114.2,104.3,118.8,102.3,21,Qualified
63,119.7,102.5,106.0,119.4,17,Qualified
12,99.0,110.5,115.5,100.4,22,Qualified
25,120.9,111.1,107.9,116.1,1,Not Qualified
32,122.7,105.7,102.8,115.8,49,Not Qualified
20,109.6,105.6,100.2,105.9,49,Not Qualified
21,113.2,119.9,110.9,102.7,10,Not Qualified
19,117.9,118.7,119.5,102.9,30,Qualified
41,100.2,104.2,107.4,113.9,32,Not Qualified
25,110.1,122.4,107.1,112.9,13,Not Qualified
17,107.0,123.6,106.9,115.7,15,Not Qualified
47,99.4,104.8,110.4,118.7,10,Qualified
21,106.0,105.6,108.8,113.8,32,Not Qualified
33,97.0,110.2,117.6,103.1,6,Qualified
37,95.8,123.2,110.1,104.9,30,Not Qualified
62,99.1,121.3,110.2,116.8,47,Qualified
17,123.9,98.1,102.8,104.2,45,Not Qualified
37,111.5,106.8,119.7,101.5,46,Qualified
45,124.0,111.6,105.0,114.1,13,Qualified
35,108.0,110.1,101.5,108.1,27,Not Qualified
17,104.4,100.8,113.3,118.4,42,Not Qualified
59,110.2,120.8,111.9,113.0,15,Qualified
37,108.2,115.3,108.3,101.8,18,Not Qualified
37,98.2,120.1,108.4,119.0,16,Not Qualified
46,114.2,120.8,115.7,105.2,25,Qualified
50,101.5,117.5,103.9,106.7,5,Qualified
45,113.6,108.2,116.4,108.0,42,Qualified
36,114.5,113.3,113.0,101.0,48,Qualified
63,99.6,99.8,108.4,109.9,8,Qualified
26,96.8,115.2,109.2,102.5,49,Not Qualified
18,118.4,100.4,105.1,108.0,16,Not Qualified
42,108.8,115.8,115.0,107.0,30,Qualified
62,96.7,101.9,110.3,115.5,11,Qualified
29,124.8,98.5,106.4,116.1,22,Not Qualified
22,96.7,100.0,111.9,103.1,4,Not Qualified
37,115.9,95.1,119.9,107.3,42,Qualified
57,124.5,116.6,108.7,107.5,35,Qualified
38,102.2,117.0,118.4,103.0,35,Qualified
22,99.3,110.4,106.9,116.0,2,Not Qualified
55,98.6,99.8,101.1,114.1,23,Qualified
44,104.1,97.5,104.1,103.8,16,Not Qualified
15,98.0,95.6,108.4,107.3,38,Not Qualified
27,115.8,100.0,104.4,102.1,25,Not Qualified
60,96.9,121.7,100.0,112.6,3,Qualified
14,110.3,102.2,118.3,102.4,44,Qualified
56,124.9,105.6,116.9,119.7,11,Qualified
34,119.4,98.2,114.8,115.6,0,Not Qualified
11,113.5,101.7,103.4,107.8,20,Not Qualified
19,104.2,110.6,102.4,111.6,18,Not Qualified
65,113.7,113.2,101.4,118.2,20,Qualified
39,110.8,102.4,114.5,111.1,17,Not Qualified
59,107.8,96.7,118.6,103.5,42,Qualified
54,98.9,106.7,108.6,107.6,2,Qualified
14,121.6,102.0,102.4,116.9,48,Not Qualified
64,108.5,101.6,110.2,112.9,43,Qualified
65,100.8,123.8,107.0,113.0,31,Qualified
42,106.0,113.5,107.5,117.3,9,Not Qualified
63,107.4,111.7,112.4,117.9,39,Qualified
10,119.8,107.5,114.4,118.4,14,Not Qualified
27,117.0,107.9,102.2,101.9,4,Not Qualified
41,118.1,111.2,100.7,110.9,3,Not Qualified
56,95.3,115.9,119.9,114.8,27,Qualified
58,107.5,116.1,104.7,115.1,50,Qualified
20,109.4,100.2,101.1,112.1,3,Not Qualified
30,95.6,110.0,103.8,103.3,14,Not Qualified
35,102.8,107.4,100.8,115.9,16,Not Qualified
34,117.8,121.1,107.8,114.4,43,Not Qualified
31,99.1,113.9,116.0,101.7,2,Qualified
36,111.1,111.0,106.8,109.3,9,Not Qualified
58,101.5,98.5,108.9,103.5,46,Qualified
22,95.4,113.2,113.5,106.7,41,Qualified
42,102.2,98.5,110.2,100.4,22,Not Qualified
43,124.3,105.1,117.2,108.0,17,Qualified
50,119.0,99.3,117.3,111.0,0,Qualified
44,123.8,115.8,100.2,112.4,34,Not Qualified
10,109.6,101.2,115.6,113.3,30,Not Qualified
30,98.3,106.8,109.2,116.7,43,Not Qualified
57,111.4,121.9,119.8,104.3,0,Qualified
64,108.6,101.1,109.7,102.4,2,Qualified
15,120.3,110.2,119.7,117.0,2,Not Qualified
37,97.9,107.6,115.1,103.1,36,Qualified
26,109.6,95.5,105.0,119.5,18,Not Qualified
14,99.5,118.8,110.8,116.9,28,Not Qualified
40,104.7,97.1,119.8,110.0,24,Not Qualified
14,117.1,109.2,117.2,119.6,32,Not Qualified
47,109.3,111.8,101.9,101.9,35,Qualified
12,106.3,113.9,114.1,106.1,28,Qualified
62,106.8,115.7,106.9,112.8,25,Qualified
32,108.8,102.6,100.1,107.0,3,Not Qualified
46,118.6,95.3,108.1,118.6,48,Qualified
62,121.8,116.7,104.7,101.3,13,Qualified
46,123.7,111.1,116.4,111.0,49,Qualified
19,118.6,120.1,106.7,111.8,26,Not Qualified
19,104.5,119.6,116.6,113.1,32,Not Qualified
28,115.6,120.3,100.0,105.1,21,Not Qualified
26,108.1,109.6,106.2,107.3,47,Not Qualified
30,102.6,105.0,104.8,116.9,2,Not Qualified
23,120.2,118.7,104.7,103.9,22,Not Qualified
18,96.2,108.5,101.4,116.5,20,Not Qualified
55,122.1,100.5,103.7,111.3,40,Qualified
10,108.8,120.6,111.1,115.2,22,Not Qualified
60,114.1,121.5,105.8,114.3,3,Qualified
54,114.8,109.0,108.3,104.2,20,Qualified
22,121.9,97.3,107.5,111.4,36,Not Qualified
13,114.1,106.6,117.5,117.4,42,Not Qualified
10,113.4,119.1,118.1,108.6,30,Qualified
58,97.0,122.1,109.9,119.3,20,Qualified
49,110.6,101.1,106.6,109.0,25,Qualified
41,99.5,97.0,102.1,102.9,40,Not Qualified
43,117.1,121.3,119.1,107.8,34,Qualified
37,110.4,106.7,101.2,119.0,37,Not Qualified
40,115.4,111.3,106.0,106.4,23,Not Qualified
17,96.3,124.0,106.0,117.4,10,Not Qualified
48,97.5,97.0,106.4,117.6,40,Qualified
35,116.5,114.4,103.3,107.0,28,Not Qualified
43,97.2,97.2,115.7,101.7,46,Qualified
63,97.1,106.3,102.4,114.5,2,Qualified
63,95.4,119.1,112.7,106.2,0,Qualified
12,123.7,108.0,102.5,115.7,18,Not Qualified
59,117.1,124.9,101.4,108.9,45,Qualified
21,105.6,111.8,118.2,109.7,48,Qualified
10,103.9,104.6,103.8,115.6,21,Not Qualified
63,105.5,101.6,116.4,107.6,13,Qualified
53,118.2,105.5,110.9,108.9,48,Qualified
14,114.8,106.2,101.6,107.5,13,Not Qualified
39,100.6,97.1,119.1,107.3,43,Qualified
39,100.2,106.1,104.9,110.5,15,Not Qualified
26,98.0,108.9,117.2,116.2,32,Not Qualified
57,114.8,116.7,103.4,107.2,12,Qualified
56,117.9,114.7,117.1,110.5,37,Qualified
32,103.0,116.3,100.3,113.4,48,Not Qualified
24,95.6,95.3,110.2,105.4,11,Not Qualified
46,97.5,101.5,115.4,105.6,50,Qualified
30,124.0,114.9,118.7,118.7,37,Not Qualified
23,103.9,109.5,118.2,114.5,38,Not Qualified
11,118.1,95.2,116.4,111.5,32,Not Qualified
20,113.7,119.1,117.8,113.0,32,Not Qualified
60,106.5,118.2,104.0,100.6,28,Qualified
48,101.2,111.5,105.7,112.4,4,Qualified
47,98.6,97.0,105.8,110.2,5,Qualified
43,113.5,118.0,107.5,110.9,30,Not Qualified
47,118.2,112.5,107.9,107.2,15,Qualified
59,114.3,118.5,110.9,101.6,30,Qualified
43,110.9,117.6,103.2,103.9,24,Not Qualified
27,96.3,119.1,113.8,119.0,47,Not Qualified
39,124.1,110.5,103.4,108.2,45,Not Qualified
24,119.0,99.2,106.2,109.3,32,Not Qualified
36,103.8,115.1,110.1,101.1,12,Not Qualified
60,124.4,113.6,115.9,100.8,9,Qualified
43,113.1,117.3,114.8,114.3,23,Not Qualified
61,112.5,100.1,112.9,110.8,9,Qualified
47,117.4,100.8,103.1,110.2,40,Qualified
42,119.4,121.7,110.9,104.9,30,Not Qualified
33,114.7,117.5,101.7,114.9,12,Not Qualified
24,98.8,122.2,107.5,103.4,2,Not Qualified
39,105.1,117.8,108.3,103.8,49,Not Qualified
64,122.8,112.9,100.8,109.2,33,Qualified
51,101.7,114.6,105.5,105.7,48,Qualified
60,106.2,121.7,119.1,104.9,27,Qualified
26,108.0,112.4,119.1,112.9,18,Not Qualified
14,108.2,114.0,107.0,113.0,22,Not Qualified
38,113.4,99.7,100.9,116.5,44,Not Qualified
13,123.3,109.2,103.6,108.4,31,Not Qualified
19,102.2,116.5,107.8,101.5,12,Not Qualified
65,98.6,103.1,119.0,105.5,32,Qualified
26,100.9,101.1,102.8,119.6,33,Not Qualified
19,121.6,104.4,115.3,111.9,32,Not Qualified
26,114.4,102.2,102.2,114.2,4,Not Qualified
29,103.6,101.4,119.6,100.1,2,Qualified
33,119.5,107.7,107.6,110.4,6,Not Qualified
14,120.8,122.2,115.5,100.8,23,Qualified
43,120.4,110.2,106.9,111.4,21,Not Qualified
15,122.6,100.6,112.6,118.4,44,Not Qualified
62,102.6,97.3,103.8,119.4,22,Qualified
11,117.7,115.9,102.9,110.8,29,Not Qualified
22,108.8,106.5,118.8,109.2,17,Qualified
52,120.3,119.7,118.4,118.9,31,Qualified
52,116.9,114.8,117.7,113.5,6,Qualified
57,118.3,118.9,112.5,101.3,32,Qualified
20,114.7,103.2,116.2,109.3,4,Qualified
60,100.3,115.8,101.4,104.8,48,Qualified
56,111.4,102.9,106.7,109.4,27,Qualified
32,124.5,123.2,106.3,109.1,7,Not Qualified
64,123.1,114.1,112.7,111.6,14,Qualified
25,96.3,104.7,107.1,107.1,3,Not Qualified
40,99.9,103.1,103.0,103.3,33,Not Qualified
20,99.0,100.7,111.9,110.1,4,Not Qualified
63,116.8,115.8,116.3,116.6,32,Qualified
25,119.5,101.6,107.6,113.3,4,Not Qualified
17,101.4,112.9,102.6,106.8,37,Not Qualified
13,110.2,102.9,103.9,118.7,33,Not Qualified
49,120.2,114.9,104.7,118.2,25,Qualified
13,117.0,119.4,106.0,104.2,0,Not Qualified
65,111.3,118.3,112.9,100.8,3,Qualified
34,112.7,117.8,112.0,114.8,38,Not Qualified
12,110.3,100.6,113.9,116.6,25,Not Qualified
41,103.9,97.7,107.3,119.4,32,Not Qualified
12,112.0,116.0,116.5,117.8,32,Not Qualified
36,115.7,106.1,104.1,112.0,7,Not Qualified
38,121.2,108.0,109.4,110.6,19,Not Qualified
41,114.1,95.9,116.0,100.6,15,Qualified
59,117.8,102.8,103.6,104.9,20,Qualified
60,99.8,96.0,102.2,109.2,44,Qualified
28,108.8,121.4,117.7,112.6,25,Not Qualified
30,95.3,102.3,106.9,111.1,22,Not Qualified
14,102.4,111.7,113.7,114.9,17,Not Qualified
27,116.8,96.2,100.5,105.6,30,Not Qualified
37,124.8,115.0,113.8,111.3,41,Not Qualified
51,98.0,104.7,106.3,101.8,11,Qualified
31,107.0,121.9,101.1,108.3,0,Not Qualified
30,119.0,121.6,112.2,115.0,41,Not Qualified
15,101.1,104.8,104.8,113.9,8,Not Qualified
10,111.7,122.0,107.7,119.8,2,Not Qualified
14,117.0,124.9,101.6,105.6,50,Not Qualified
50,113.5,119.8,102.9,110.0,25,Qualified
21,100.6,120.3,106.0,106.6,8,Not Qualified
35,105.7,102.5,101.8,108.8,41,Not Qualified
55,118.5,112.3,118.2,117.1,50,Qualified
43,111.6,97.0,100.1,113.7,15,Not Qualified
58,95.2,97.8,109.7,117.6,23,Qualified
23,117.8,125.0,102.5,104.1,49,Not Qualified
35,96.1,104.8,106.2,117.5,13,Not Qualified
54,117.4,117.4,118.5,101.2,2,Qualified
36,101.1,119.2,103.2,117.8,33,Not Qualified
18,123.7,120.7,119.3,106.6,32,Qualified
35,106.0,124.9,104.1,106.3,49,Not Qualified
56,104.8,102.2,114.8,110.2,23,Qualified
31,99.5,96.2,110.9,118.8,8,Not Qualified
56,104.2,107.3,117.7,101.0,12,Qualified
65,121.3,98.9,111.1,107.0,1,Qualified
39,124.9,95.7,110.7,117.1,6,Not Qualified
52,106.0,105.8,103.9,107.9,47,Qualified
57,108.5,118.5,103.3,104.0,20,Qualified
26,116.7,112.0,118.3,108.5,18,Qualified
35,121.6,104.4,106.6,107.7,24,Not Qualified
45,112.8,114.6,107.4,118.3,46,Qualified
10,106.7,102.0,115.2,115.2,21,Not Qualified
17,107.4,95.4,106.8,110.1,10,Not Qualified
58,115.9,117.9,119.0,119.8,32,Qualified
44,95.1,113.7,114.8,109.3,31,Qualified
61,113.6,117.9,111.9,101.2,20,Qualified
24,105.7,96.2,117.6,105.2,38,Qualified
56,118.8,120.1,101.0,108.7,19,Qualified
65,97.8,113.6,105.1,103.1,7,Qualified
31,112.6,111.9,109.3,119.0,41,Not Qualified
23,109.4,113.7,104.5,115.3,36,Not Qualified
35,114.3,120.9,114.9,105.4,8,Qualified
37,96.9,112.6,118.4,111.8,24,Not Qualified
32,112.4,112.4,108.5,114.4,24,Not Qualified
23,111.8,124.7,106.8,118.8,32,Not Qualified
33,111.8,117.7,119.2,117.6,1,Not Qualified
11,113.1,108.3,108.9,110.3,18,Not Qualified
54,115.3,116.2,109.8,115.5,45,Qualified
35,119.1,106.7,107.0,111.2,19,Not Qualified
23,103.1,101.9,118.2,111.1,41,Not Qualified
65,119.8,112.9,111.4,102.3,40,Qualified
60,109.9,122.8,115.2,102.5,41,Qualified
16,97.3,122.9,116.2,110.6,28,Not Qualified
12,96.8,105.3,106.8,105.4,5,Not Qualified
56,105.0,110.8,108.7,100.4,16,Qualified
32,118.5,101.3,117.0,114.5,24,Not Qualified
55,116.2,124.9,107.3,100.6,37,Qualified
52,118.7,124.4,115.9,111.9,3,Qualified
56,110.5,114.5,118.8,110.8,29,Qualified
54,108.2,119.1,112.5,119.4,19,Qualified
27,99.4,116.5,114.8,109.7,2,Qualified
47,104.8,112.8,116.1,101.3,22,Qualified
44,108.0,96.6,116.9,111.0,50,Not Qualified
60,97.7,108.6,107.9,116.8,17,Qualified
24,101.6,115.2,101.0,119.9,25,Not Qualified
34,112.9,115.3,108.0,108.6,35,Not Qualified
64,117.1,106.2,113.5,106.4,7,Qualified
46,125.0,123.3,109.0,118.1,16,Qualified
37,123.0,100.0,115.0,103.8,30,Qualified
19,114.3,110.0,107.1,112.3,36,Not Qualified
48,107.6,115.7,112.7,108.1,44,Qualified
26,114.1,115.9,103.7,100.8,32,Not Qualified
48,118.6,114.5,115.0,106.9,26,Qualified
31,98.6,103.3,110.9,105.3,44,Not Qualified
35,107.3,99.7,104.1,113.7,3,Not Qualified
53,120.2,114.1,105.8,119.0,21,Qualified
34,106.5,113.0,115.0,105.4,25,Qualified
26,112.2,100.4,109.7,116.2,31,Not Qualified
22,112.6,116.2,104.3,101.1,23,Not Qualified
29,100.5,108.7,119.3,110.8,45,Not Qualified
34,105.9,115.0,114.3,101.4,34,Qualified
13,105.0,120.1,119.1,118.7,36,Not Qualified
19,95.8,100.1,108.5,115.3,31,Not Qualified
12,95.7,95.6,109.5,113.2,6,Not Qualified
50,120.0,118.4,118.0,116.5,32,Qualified
54,103.2,113.3,110.5,113.0,30,Qualified
27,110.5,116.0,114.1,119.4,11,Not Qualified
56,104.0,120.1,105.0,114.3,10,Qualified
45,123.2,119.1,108.9,118.5,23,Qualified
56,102.8,123.8,102.5,110.3,7,Qualified
31,107.9,111.1,104.1,102.3,31,Not Qualified
43,121.2,109.7,100.0,110.6,37,Not Qualified
56,120.3,107.1,100.8,102.5,21,Qualified
17,100.6,99.6,119.5,111.8,33,Not Qualified
49,119.1,112.2,104.8,109.6,18,Qualified
58,108.7,103.3,113.3,112.5,19,Qualified
53,109.5,122.6,116.8,100.2,13,Qualified
28,99.0,112.5,111.0,103.9,32,Not Qualified
51,97.4,112.8,103.1,109.8,9,Qualified
50,116.8,105.6,114.6,119.0,15,Qualified
46,109.9,96.6,112.0,107.7,3,Qualified
15,108.1,96.0,114.6,108.5,26,Qualified
61,116.9,107.7,115.4,114.3,27,Qualified
35,118.0,97.5,119.5,112.1,42,Not Qualified
43,99.8,113.2,111.5,106.0,15,Not Qualified
65,113.3,121.4,106.8,108.2,32,Qualified
54,99.1,121.5,113.0,104.4,47,Qualified
15,117.5,114.8,101.4,119.3,18,Not Qualified
46,114.7,101.3,117.9,102.6,20,Qualified
42,123.7,120.9,102.4,107.4,21,Not Qualified
62,97.1,121.6,106.6,100.5,8,Qualified
31,96.7,100.9,116.3,104.4,8,Qualified
30,103.5,117.1,111.9,115.6,8,Not Qualified
15,102.9,103.6,107.9,104.0,26,Not Qualified
15,102.4,119.1,109.5,101.6,16,Not Qualified
64,122.2,124.9,117.1,109.5,43,Qualified
57,102.5,95.9,106.8,100.2,44,Qualified
13,103.2,121.9,117.4,101.7,7,Qualified
39,117.8,113.7,101.8,116.2,15,Not Qualified
20,108.5,124.2,115.5,115.4,17,Not Qualified
39,118.3,109.0,117.0,118.3,32,Not Qualified
40,97.0,120.4,103.6,117.1,0,Not Qualified
33,109.6,96.9,108.6,113.7,11,Not Qualified
64,96.0,105.1,103.3,101.0,5,Qualified
18,96.9,97.0,114.1,115.7,40,Not Qualified
64,122.2,124.3,110.7,116.9,4,Qualified
12,99.2,119.5,112.7,116.0,15,Not Qualified
60,111.0,120.6,103.9,110.2,17,Qualified
40,107.3,123.1,104.2,104.7,48,Not Qualified
49,105.4,97.6,100.8,116.9,17,Qualified
46,122.0,106.6,106.4,114.5,0,Qualified
45,95.7,97.1,111.2,119.6,18,Qualified
33,114.9,101.3,117.2,103.1,7,Qualified
40,123.9,101.9,113.3,104.5,2,Qualified
15,111.8,109.1,108.7,104.2,24,Not Qualified
11,123.1,103.1,119.1,115.9,4,Not Qualified
29,96.6,98.0,114.4,103.7,39,Qualified
37,107.6,100.0,118.6,101.3,18,Qualified
20,102.8,99.4,110.6,120.0,17,Not Qualified
13,116.9,124.2,105.2,100.5,49,Not Qualified
24,124.4,117.8,101.1,116.7,30,Not Qualified
15,102.7,124.0,114.5,107.3,32,Qualified
63,114.6,108.2,102.4,116.8,46,Qualified
58,100.9,103.4,106.1,111.1,17,Qualified
39,112.0,118.9,110.6,118.0,38,Not Qualified
65,108.9,104.8,111.3,118.5,15,Qualified
47,124.2,104.0,112.0,100.2,15,Qualified
60,113.3,102.0,103.3,101.5,46,Qualified
11,105.5,98.9,107.6,105.0,37,Not Qualified
24,98.4,102.7,112.3,113.4,40,Not Qualified
20,99.5,105.7,119.4,117.8,6,Not Qualified
17,101.8,115.2,114.6,109.2,13,Qualified
35,102.5,96.9,118.5,112.1,42,Not Qualified
60,120.5,101.3,115.2,103.8,47,Qualified
54,111.8,119.3,111.8,116.1,24,Qualified
53,110.7,99.4,103.8,119.3,31,Qualified
14,98.4,105.3,113.3,105.4,37,Qualified
15,120.8,120.9,112.5,109.9,21,Qualified
35,116.7,99.6,112.0,101.7,15,Not Qualified
63,97.0,97.5,109.8,111.2,28,Qualified
13,116.2,109.5,110.6,110.1,15,Not Qualified
28,111.3,104.1,106.7,102.9,11,Not Qualified
29,97.5,111.9,110.4,108.8,16,Not Qualified
42,108.7,119.1,104.0,106.7,36,Not Qualified
29,109.5,99.1,116.1,110.4,26,Not Qualified
58,100.0,112.4,103.7,111.7,24,Qualified
21,123.4,110.2,101.7,100.2,12,Not Qualified
56,120.5,99.3,108.7,115.2,7,Qualified
10,115.1,113.7,113.2,114.3,4,Not Qualified
35,108.9,103.2,108.8,107.3,11,Not Qualified
23,107.4,109.6,105.5,101.1,40,Not Qualified
47,114.5,97.5,111.2,115.1,2,Qualified
46,111.4,108.8,106.9,119.1,34,Qualified
20,96.9,104.2,118.7,104.8,32,Qualified
45,110.4,119.7,118.5,106.5,21,Qualified
22,119.2,96.7,110.0,103.7,49,Not Qualified
52,108.8,107.6,106.6,111.5,43,Qualified
12,96.6,108.8,114.7,103.1,8,Qualified
42,118.6,116.8,100.7,107.1,40,Not Qualified
15,101.0,112.2,109.5,113.9,17,Not Qualified
59,102.8,115.0,106.7,111.2,49,Qualified
65,99.9,118.3,118.4,107.7,28,Qualified
19,104.9,120.9,100.2,108.4,38,Not Qualified
14,117.7,104.4,111.1,111.2,26,Not Qualified
32,110.6,111.1,114.8,100.1,35,Qualified
19,101.1,120.2,109.7,101.6,44,Not Qualified
53,121.3,124.7,101.7,117.6,16,Qualified
11,121.4,121.7,119.4,101.6,33,Qualified
22,121.1,106.1,110.4,114.1,45,Not Qualified
49,102.2,100.9,112.3,118.4,2,Qualified
11,108.5,109.7,104.7,105.4,4,Not Qualified
29,124.5,117.2,109.7,107.4,13,Not Qualified
10,118.2,109.8,108.6,111.4,2,Not Qualified
46,95.8,109.5,101.5,117.6,22,Qualified
18,97.0,120.1,102.1,118.8,38,Not Qualified
26,108.9,105.8,116.7,114.8,29,Not Qualified
18,122.3,120.8,104.8,101.7,49,Not Qualified
20,111.2,107.2,103.9,113.4,44,Not Qualified
24,109.9,104.8,110.1,108.2,22,Not Qualified
33,98.2,108.6,115.4,109.4,26,Qualified
47,114.7,117.9,101.2,101.0,9,Qualified
64,119.7,98.8,111.5,103.8,24,Qualified
44,106.4,100.9,102.4,115.8,12,Not Qualified
39,118.3,123.5,100.7,109.1,15,Not Qualified
40,123.9,100.3,101.1,106.0,40,Not Qualified
58,101.1,112.0,116.7,107.7,33,Qualified
14,110.7,112.4,102.4,117.1,36,Not Qualified
53,103.6,109.7,100.9,115.0,21,Qualified
59,118.8,114.3,108.8,105.4,16,Qualified
23,112.3,101.9,116.9,102.4,22,Qualified
62,114.0,111.6,105.2,105.0,35,Qualified
65,118.9,106.2,108.4,118.4,48,Qualified
20,106.9,114.9,100.8,111.6,8,Not Qualified
18,122.5,99.2,109.0,110.7,1,Not Qualified
43,111.0,112.1,111.6,111.9,31,Not Qualified
21,99.7,100.6,111.4,107.3,49,Not Qualified
44,115.9,103.4,106.6,116.1,21,Not Qualified
44,118.8,101.6,106.3,110.5,42,Not Qualified
10,104.5,100.5,102.1,102.3,12,Not Qualified
49,120.7,119.8,107.3,102.6,7,Qualified
31,122.2,103.6,102.0,110.7,0,Not Qualified
38,103.3,122.8,115.3,118.7,16,Not Qualified
17,124.5,124.1,119.3,106.2,11,Qualified
20,99.2,112.1,119.4,117.4,3,Not Qualified
50,101.1,99.3,117.3,115.3,12,Qualified
46,100.5,106.2,112.0,105.0,30,Qualified
23,121.8,118.9,114.0,100.7,40,Qualified
39,114.6,106.0,105.7,102.0,6,Not Qualified
44,99.6,97.6,112.6,114.6,22,Not Qualified
30,108.2,111.7,109.1,104.0,23,Not Qualified
46,113.5,120.4,109.6,107.4,4,Qualified
14,97.5,118.9,115.2,110.0,4,Not Qualified
28,121.5,100.3,105.6,114.5,16,Not Qualified
23,119.1,115.2,106.4,102.3,29,Not Qualified
35,110.2,101.6,118.5,108.1,8,Qualified
13,124.0,101.5,101.1,109.7,5,Not Qualified
34,107.5,121.2,109.7,110.8,24,Not Qualified
54,124.5,102.5,118.3,116.4,18,Qualified
51,115.0,102.9,112.2,103.4,15,Qualified
34,114.0,95.0,110.9,116.2,20,Not Qualified
27,100.0,121.1,105.0,113.9,1,Not Qualified
49,121.5,118.8,106.9,111.1,9,Qualified
17,107.8,113.8,117.0,114.0,15,Not Qualified
48,99.9,117.5,111.2,108.2,36,Qualified
49,95.4,99.6,110.3,102.8,14,Qualified
23,111.8,108.7,102.0,113.3,12,Not Qualified
41,110.8,105.5,100.3,110.5,12,Not Qualified
60,116.6,97.8,119.3,112.8,31,Qualified
47,121.7,109.6,107.5,106.8,44,Qualified
42,97.4,122.6,112.1,118.1,46,Not Qualified
32,116.9,96.2,101.6,111.7,45,Not Qualified
24,100.6,103.7,113.7,101.7,7,Qualified
42,120.7,101.2,118.7,109.0,42,Qualified
34,119.6,102.1,111.5,115.1,17,Not Qualified
26,111.2,122.3,102.5,115.9,35,Not Qualified
42,116.3,109.0,111.6,109.9,25,Not Qualified
56,104.4,109.0,115.3,117.9,9,Qualified
64,109.1,117.8,108.1,105.4,30,Qualified
11,119.6,99.6,117.6,108.2,32,Qualified
23,108.8,109.6,113.0,118.0,28,Not Qualified
62,105.7,107.9,118.0,117.9,4,Qualified
49,109.8,112.9,112.5,113.7,12,Qualified
49,119.8,125.0,102.6,117.2,0,Qualified
60,105.1,118.1,106.2,101.8,22,Qualified
48,100.2,106.9,104.0,117.3,39,Qualified
60,116.4,119.8,118.2,106.4,2,Qualified
15,119.8,100.1,115.2,103.6,2,Qualified
15,98.0,95.9,113.5,104.8,6,Qualified
12,102.2,101.1,106.0,108.4,35,Not Qualified
16,99.3,105.2,103.7,105.0,34,Not Qualified
60,105.4,110.3,115.1,106.4,14,Qualified
17,108.5,113.5,109.5,102.7,39,Not Qualified
51,117.5,122.3,104.5,105.9,2,Qualified
61,114.5,110.3,112.3,111.4,28,Qualified
24,113.6,110.0,100.8,108.8,29,Not Qualified
56,105.6,96.5,106.5,106.9,38,Qualified
38,120.2,96.0,109.4,114.9,17,Not Qualified
42,109.1,111.5,103.0,117.9,10,Not Qualified
61,124.4,108.1,119.7,115.1,42,Qualified
39,114.0,120.2,104.2,106.6,48,Not Qualified
48,98.8,99.8,102.6,114.9,37,Qualified
36,115.3,95.7,104.1,103.0,39,Not Qualified
45,104.8,108.5,115.4,102.6,0,Qualified
38,115.6,102.1,108.5,106.9,28,Not Qualified
47,97.1,96.5,111.3,116.2,9,Qualified
42,100.2,116.7,100.4,104.9,27,Not Qualified
46,120.7,98.3,100.7,101.3,30,Qualified
36,101.8,113.2,108.9,102.6,18,Not Qualified
64,120.1,103.4,116.3,117.2,2,Qualified
42,103.4,100.2,117.7,112.7,35,Not Qualified
13,114.3,106.4,101.7,105.1,42,Not Qualified
31,115.8,119.0,110.8,111.1,14,Not Qualified
11,110.4,106.8,118.3,110.6,32,Not Qualified
19,104.2,117.5,107.8,113.1,40,Not Qualified
14,101.4,98.8,116.6,104.7,42,Qualified
19,96.0,118.2,102.7,117.3,50,Not Qualified
42,104.1,102.1,118.7,106.2,44,Qualified
63,114.6,115.3,115.0,113.9,25,Qualified
47,123.1,112.0,118.8,100.3,15,Qualified
22,121.1,122.9,113.5,107.5,35,Qualified
40,118.0,106.6,107.3,107.0,32,Not Qualified
56,118.7,97.0,118.8,110.9,19,Qualified
45,114.9,95.6,105.5,101.5,12,Qualified
54,102.8,119.8,106.6,115.8,32,Qualified
33,122.2,110.7,114.0,104.4,4,Qualified
61,115.1,118.3,115.3,113.5,36,Qualified
65,111.8,102.0,118.6,116.1,13,Qualified
24,98.3,105.4,104.1,111.2,26,Not Qualified
38,108.4,95.9,116.0,114.8,22,Not Qualified
17,108.8,123.8,114.8,113.2,13,Not Qualified
14,120.9,115.0,101.3,107.1,39,Not Qualified
38,111.4,123.0,107.7,116.2,3,Not Qualified
56,106.4,103.0,105.7,105.9,38,Qualified
13,124.3,113.3,106.1,111.4,18,Not Qualified
21,98.3,115.4,119.7,114.9,46,Not Qualified
54,107.7,104.5,112.9,107.6,3,Qualified
11,96.3,120.4,114.4,106.1,29,Qualified
36,117.2,123.4,119.5,109.2,18,Qualified
40,122.5,121.5,107.5,116.4,30,Not Qualified
60,103.4,117.2,116.0,118.6,30,Qualified
60,120.8,103.3,108.7,110.9,8,Qualified
45,103.8,103.4,117.4,113.2,12,Qualified
45,122.3,123.9,103.6,118.1,13,Qualified
35,117.6,95.3,119.0,102.0,45,Qualified
52,119.1,116.5,104.4,104.6,9,Qualified
36,95.5,116.2,106.5,114.2,47,Not Qualified
14,123.9,113.7,115.1,116.5,30,Not Qualified
29,116.8,124.7,107.9,117.1,36,Not Qualified
20,104.1,104.4,112.2,108.3,22,Qualified
19,119.9,105.2,108.9,101.8,26,Not Qualified
49,103.4,97.4,114.8,108.8,5,Qualified
47,121.2,108.3,104.6,104.6,25,Qualified
15,98.4,102.8,101.2,105.8,1,Not Qualified
17,116.1,105.3,106.0,115.4,44,Not Qualified
32,111.2,120.0,109.5,101.5,12,Not Qualified
56,97.9,123.1,103.4,116.6,50,Qualified
35,102.3,100.6,107.1,108.6,49,Not Qualified
55,95.4,106.2,108.0,111.9,18,Qualified
52,109.1,122.9,101.1,101.8,0,Qualified
21,104.0,96.9,111.7,106.7,39,Not Qualified
35,113.0,97.8,117.7,101.8,31,Qualified
22,103.9,99.9,103.0,119.2,21,Not Qualified
49,104.0,112.9,112.0,116.1,47,Qualified
27,117.3,99.5,113.3,109.2,28,Qualified
34,96.4,124.0,108.4,104.5,1,Not Qualified
42,122.1,108.4,114.0,118.7,39,Not Qualified
56,120.6,110.0,108.2,106.9,37,Qualified
49,115.0,102.4,110.1,103.2,47,Qualified
52,112.8,109.1,100.1,111.3,10,Qualified
21,121.8,114.9,113.8,118.9,16,Not Qualified
53,100.6,117.5,113.2,100.1,50,Qualified
45,97.4,117.6,100.8,104.8,42,Qualified
57,102.2,112.3,107.4,118.8,7,Qualified
13,118.8,122.1,119.6,103.4,21,Qualified
14,96.0,119.5,108.4,102.3,3,Not Qualified
65,112.5,117.7,110.0,111.4,10,Qualified
46,124.9,96.7,118.2,117.2,7,Qualified
17,120.7,95.2,114.3,109.5,8,Qualified
51,110.6,101.4,111.6,119.9,25,Qualified
58,96.9,114.9,116.0,113.6,1,Qualified
37,119.9,107.3,117.3,101.5,15,Qualified
40,113.0,107.1,109.1,119.9,30,Not Qualified
18,98.4,121.5,109.5,108.2,5,Not Qualified
63,97.8,121.9,107.7,105.7,20,Qualified
60,122.3,122.3,119.3,111.2,25,Qualified
38,115.1,104.4,113.9,106.1,18,Qualified
23,119.9,115.7,101.7,101.7,27,Not Qualified
49,121.4,103.1,117.3,100.0,7,Qualified
50,112.2,100.7,109.6,109.0,13,Qualified
31,110.5,100.5,101.4,116.7,23,Not Qualified
20,107.9,105.3,111.0,111.4,47,Not Qualified
32,104.5,107.9,108.3,120.0,43,Not Qualified
10,108.0,119.9,117.6,105.7,36,Qualified
55,118.2,98.6,104.1,105.6,25,Qualified
46,113.1,117.0,116.5,103.2,30,Qualified
30,121.8,110.9,111.2,103.3,50,Not Qualified
35,108.3,103.6,101.1,105.7,31,Not Qualified
55,113.2,109.8,119.4,115.9,49,Qualified
45,113.9,104.0,110.3,118.1,40,Qualified
63,112.8,112.9,105.8,119.5,1,Qualified
32,116.1,108.0,109.4,104.6,24,Not Qualified
10,102.1,99.9,117.2,117.6,43,Not Qualified
63,110.4,98.5,106.1,106.6,1,Qualified
64,98.1,111.4,103.9,102.3,41,Qualified
60,106.5,122.1,102.6,117.4,0,Qualified
49,109.6,105.3,106.0,112.7,35,Qualified
24,114.6,117.0,115.6,103.3,11,Qualified
30,123.5,114.8,109.4,108.6,8,Not Qualified
56,113.0,122.9,104.5,105.7,35,Qualified
18,117.3,119.6,103.3,114.7,40,Not Qualified
62,110.2,112.0,106.7,109.1,27,Qualified
18,114.0,114.7,118.8,119.8,37,Not Qualified
19,97.1,122.0,106.9,101.1,32,Not Qualified
61,102.6,107.0,119.8,107.1,41,Qualified
62,105.9,104.8,109.7,109.6,45,Qualified
35,109.2,95.3,103.6,110.1,21,Not Qualified
50,96.4,119.8,117.8,106.3,24,Qualified
44,99.2,119.0,109.2,114.6,17,Not Qualified
61,103.3,98.1,114.2,117.5,5,Qualified
34,124.1,112.3,119.7,118.8,17,Not Qualified
35,104.9,108.9,101.0,116.1,15,Not Qualified
20,109.5,98.6,101.9,117.0,14,Not Qualified
47,100.9,124.4,114.4,111.0,47,Qualified
11,113.3,101.4,105.6,116.5,7,Not Qualified
16,103.4,97.0,103.7,106.1,12,Not Qualified
27,101.2,112.8,100.8,108.0,42,Not Qualified
36,110.5,117.2,100.4,106.3,6,Not Qualified
43,95.2,96.0,115.5,109.3,16,Qualified
36,95.2,114.8,102.7,105.7,49,Not Qualified
26,101.6,111.0,109.4,119.2,31,Not Qualified
52,96.1,98.1,112.1,106.3,21,Qualified
53,98.2,100.2,108.6,102.0,50,Qualified
60,105.2,112.0,100.5,110.5,12,Qualified
63,119.1,103.9,115.7,101.1,46,Qualified
33,112.2,123.1,100.2,102.2,22,Not Qualified
34,110.4,119.6,115.2,104.4,28,Qualified
16,103.8,124.5,117.9,109.3,21,Qualified
61,123.0,102.8,108.7,108.7,0,Qualified
15,106.9,124.1,110.7,116.0,28,Not Qualified
62,97.6,107.9,109.5,114.8,47,Qualified
33,113.5,105.4,107.8,108.5,4,Not Qualified
42,98.4,96.5,117.7,106.7,34,Qualified
58,105.4,96.6,117.9,106.3,9,Qualified
38,110.2,115.8,106.7,115.5,18,Not Qualified
52,121.2,108.7,112.3,101.0,36,Qualified
31,109.8,101.8,118.5,100.3,6,Qualified
35,116.1,113.4,119.2,115.9,45,Not Qualified
37,124.8,102.6,110.2,109.5,34,Not Qualified
59,98.9,112.3,109.1,102.6,44,Qualified
30,103.2,105.8,105.6,104.7,12,Not Qualified
58,106.8,119.7,119.2,118.7,9,Qualified
16,107.7,119.6,102.9,117.2,1,Not Qualified
26,107.3,109.3,111.6,114.2,5,Not Qualified
29,122.2,105.5,105.7,109.6,7,Not Qualified
50,116.4,105.9,105.6,110.4,35,Qualified
58,113.2,119.2,108.1,119.5,24,Qualified
29,104.3,104.8,120.0,119.3,43,Not Qualified
63,119.7,101.3,101.1,104.3,46,Qualified
31,123.7,97.5,111.6,116.2,39,Not Qualified
37,119.6,109.0,101.7,103.9,6,Not Qualified
49,95.0,109.5,103.1,104.3,45,Qualified
58,114.1,120.2,108.8,113.5,22,Qualified
16,96.5,101.6,110.2,108.1,18,Not Qualified
10,102.7,106.4,105.2,118.6,45,Not Qualified
41,96.8,119.3,106.3,101.8,21,Not Qualified
22,113.1,119.7,101.7,110.2,12,Not Qualified
39,115.6,106.5,106.1,118.4,20,Not Qualified
32,98.4,108.8,119.3,118.1,0,Not Qualified
60,106.5,104.1,118.9,103.1,18,Qualified
65,108.7,123.0,106.7,107.3,32,Qualified
28,106.1,98.6,111.4,112.4,3,Not Qualified
41,98.6,123.0,118.2,103.2,41,Qualified
39,107.6,115.5,100.1,119.4,2,Not Qualified
38,117.5,110.9,116.2,118.3,26,Not Qualified
58,97.1,96.0,119.0,103.3,40,Qualified
54,97.4,109.3,101.8,102.4,34,Qualified
38,105.6,107.2,103.2,101.7,27,Not Qualified
39,123.3,99.8,119.2,118.2,5,Not Qualified
25,115.1,114.7,110.8,103.9,5,Not Qualified
49,115.4,124.1,100.3,108.3,43,Qualified
28,105.9,111.9,105.2,109.0,22,Not Qualified
27,112.8,116.4,109.0,112.0,32,Not Qualified
10,95.3,97.1,113.9,101.4,15,Qualified
23,114.1,107.5,114.7,104.5,23,Qualified
60,122.4,98.5,119.9,118.6,4,Qualified
56,113.4,113.4,105.8,118.2,40,Qualified
59,121.2,123.2,110.8,115.6,41,Qualified
11,116.7,114.9,110.7,100.4,12,Not Qualified
63,98.6,97.3,108.1,106.5,46,Qualified
37,122.1,105.6,103.4,112.6,11,Not Qualified
58,97.0,111.5,119.5,105.5,4,Qualified
59,111.0,107.1,117.1,118.2,36,Qualified
39,99.3,120.0,110.0,112.7,30,Not Qualified
47,95.4,119.4,112.1,101.4,27,Qualified
60,107.7,113.4,104.5,118.2,27,Qualified
13,103.9,106.2,110.9,119.2,29,Not Qualified
10,109.6,102.7,113.9,101.6,17,Qualified
17,112.3,98.2,110.3,110.6,43,Not Qualified
38,96.3,105.6,119.8,106.1,26,Qualified
64,98.7,107.4,112.2,107.9,34,Qualified
48,111.8,115.3,107.4,103.6,25,Qualified
12,105.3,114.7,115.4,111.6,38,Not Qualified
41,116.9,97.1,103.4,119.2,48,Not Qualified
19,114.6,106.9,107.7,110.1,50,Not Qualified
